lot,address,guide_price,hometrack,serco_status,accepted_offer,status,confidence,site_lot,site_guide,site_entry
15,"78 Park Chase, Wembley, Middlesex, HA9 8EH",£450000+,£463000,Outside region,,NOT LISTED,postcode absent from dumps,,,
9,"9 St Anns Court, 45 Sunningfields Road, Hendon, London, NW4 4QY",£200000+,£250000,Outside region,,NOT LISTED,postcode absent from dumps,,,
21,"19 Jarvis Road, South Croydon, Surrey, CR2 6HW",£300000+,£313000,Outside region,,still-available,postcode + number,358962,Please refer to auctioneer for more information,"358962 | 19 Jarvis Road, South Croydon, Surrey, CR2 6HW | Please refer to auctioneer for more information"
21A,"63 Warner Road, Camberwell, London, SE5 9NE",£725000+,£521000,Outside region,,NOT LISTED,postcode absent from dumps,,,
22,"4 Nairn Court, Dock Road, Tilbury, Essex, RM18 7BY",£60000+,£149000,Not on Serco list,£75000,NOT LISTED,postcode absent from dumps,,,
22A,"68 St. Margarets Avenue, Whetstone, London, N20 9LJ",£550000+,£775000,Outside region,,NOT LISTED,postcode absent from dumps,,,
25A,"15 Palestine Grove, Colliers Wood, London, SW19 2QN",£425000+,£581000,Outside region,,october-catalogue,postcode + number,364669,"£450,000+","364669 | 15 Palestine Grove, Colliers Wood, London, SW19 2QN | £450,000+"
27,"Land Adjacent to The Gables, Banters Lane, Great Leighs, Chelmsford, Essex, CM3 1NT",£1150000+,N/A - land,Serco region - VERIFY,,still-available,postcode only,359983,Please refer to auctioneer for more information,"359983 | Land Adjacent to The Gables, Banters Lane, Great Leighs, Chelmsford, Essex, CM3 1NT | Please refer to auctioneer for more information"
28A,"21 Wyncham Avenue, Sidcup, Kent, DA15 8EU",£295000+,£585000,Outside region,£325000,NOT LISTED,postcode absent from dumps,,,
29,"174B Bravington Road, Maida Vale, London, W9 3AP",£295000+,£572000,Outside region,NO OFFERS,NOT LISTED,postcode absent from dumps,,,
37,"37 and 37A Trevenson Street, Camborne, Cornwall, TR14 8JD",£100000+,£122000,Outside region,,NOT LISTED,postcode absent from dumps,,,
38,"Flat 4, 280 Wimborne Road, Bournemouth, Dorset, BH3 7AT",£65000+,N/A,Outside region,,october-catalogue,postcode + number,365484,"£45,000-£65,000","365484 | Flat 4, 280 Wimborne Road, Bournemouth, Dorset, BH3 7AT | £45,000-£65,000"
39,"Holmshill House, Summerswood Lane, Borehamwood, Hertfordshire, WD6 5PG",£525000+,£1250000,Not on Serco list,£625000,NOT LISTED,postcode absent from dumps,,,
40,"Land Adjacent to Esso, Hogg Lane, Grays, Essex, RM17 5JA",£235000+,N/A - land,Not on Serco list,,NOT LISTED,postcode absent from dumps,,,
42,"9 Victoria Road, Margate, Kent, CT9 1LN",£110000+,£238000,Outside region,NO OFFERS,october-catalogue,postcode + number,364735,"£90,000+","364735 | 9 Victoria Road, Margate, Kent, CT9 1LN | £90,000+"
46,"Ground Floor and Basement Flat, 134 Gipsy Hill, Crystal Palace, London, SE19 1PW",£200000+,£368000,Outside region,£220000,still-available,postcode + number,358830,Please refer to auctioneer for more information,"358830 | Ground Floor and Basement Flat, 134 Gipsy Hill, Crystal Palace, London, SE19 1PW | Please refer to auctioneer for more information"
48,"30 Ancton Way, Bognor Regis, West Sussex, PO22 6JW",£130000+,£186000,Outside region,,NOT LISTED,postcode absent from dumps,,,
50A,"9 Fallow Court Avenue, Finchley, London, N12 0EA",£695000+,£731000,Outside region,,still-available,postcode + number,362182,Please refer to auctioneer for more information,"362182 | 9 Fallow Court Avenue, Finchley, London, N12 0EA | Please refer to auctioneer for more information"
54,"Archie Court, 43 Marina, St Leonards-on-Sea, East Sussex, TN38 0BE",£450000+,N/A,Outside region,,NOT LISTED,postcode absent from dumps,,,
56,"2 Holliday Street, Berkhamsted, Hertfordshire, HP4 2EE",£325000+,£491000,Not on Serco list,,still-available,postcode + number,361096,Please refer to auctioneer for more information,"361096 | 2 Holliday Street, Berkhamsted, Hertfordshire, HP4 2EE | Please refer to auctioneer for more information"
59,"Land on the North-East side of Looe Gardens, Ilford, Essex, IG6 2BJ",£135000+,N/A - land,Outside region,,NOT LISTED,postcode absent from dumps,,,
61,"Unit SU8, 5 Jubilee Way, Scunthorpe, North Lincolnshire, DN15 6RB",£95000+,N/A - retail,Not on Serco list,,still-available,postcode + number,358590,Please refer to auctioneer for more information,"358590 | Unit SU8, 5 Jubilee Way, Scunthorpe, North Lincolnshire, DN15 6RB | Please refer to auctioneer for more information"
62,"9 College Walk, Rotherham, South Yorkshire, S60 1QB",£95000+,N/A - retail,Outside region,,NOT LISTED,postcode absent from dumps,,,
63,"29 Hervey Street, Lowestoft, Suffolk, NR32 2JG",£75000+,£153000,OPEN,£75000,still-available,postcode + number,361511,Please refer to auctioneer for more information,"361511 | 29 Hervey Street, Lowestoft, Suffolk, NR32 2JG | Please refer to auctioneer for more information"
64,"13 Hope Street, Crook, County Durham, DL15 9HS",£175000+,£95000,Outside region,,october-catalogue,postcode + number,367102,"£150,000-£190,000","367102 | 13 Hope Street, Crook, County Durham, DL15 9HS | £150,000-£190,000"
65,"102-104 High Street, Redcar, Cleveland, TS10 3DL",£140000+,£82000,Outside region,,october-catalogue,postcode + number,367100,"£100,000-£150,000","367100 | 102-104 High Street, Redcar, Cleveland, TS10 3DL | £100,000-£150,000"
66,"396 Forest Road, Walthamstow, London, E17 5JF",£500000+,£468000,Outside region,,still-available,postcode + number,361976,Please refer to auctioneer for more information,"361976 | 396 Forest Road, Walthamstow, London, E17 5JF | Please refer to auctioneer for more information"
67,"Foelas Residential Home, Station Road, Llanrug, Caernarfon, Gwynedd, LL55 4BE",£200000+,N/A,Outside region,,still-available,postcode only,360987,Please refer to auctioneer for more information,"360987 | Foelas Residential Home, Station Road, Llanrug, Caernarfon, Gwynedd, LL55 4BE | Please refer to auctioneer for more information"
68,"Unit 6-6B South Middleton Base, Greenwell Road, Aberdeen, AB12 3AX",£200000+,N/A - commercial,Outside region,,NOT LISTED,different unit at AB123AX (6 not offered),,,
69,"9A Battle Hill, Hexham, Northumberland, NE46 1BA",£50000-£75000,N/A,Outside region,,NOT LISTED,postcode absent from dumps,,,
70A,"94A Middleton Grange Shopping Centre, Hartlepool, Cleveland, TS24 7RW",£95000+,N/A - retail,Outside region,,still-available,postcode + number,360550,Please refer to auctioneer for more information,"360550 | 94A Middleton Grange Shopping Centre, Hartlepool, Cleveland, TS24 7RW | Please refer to auctioneer for more information"
71,"17-19 Umberston Street, Tower Hamlets, London, E1 1PY",£275000+,N/A - commercial,Outside region,,still-available,postcode + number,359974,Please refer to auctioneer for more information,"359974 | 17-19 Umberston Street, Tower Hamlets, London, E1 1PY | Please refer to auctioneer for more information"
72,"Rear of 292 Weelsby Street, Grimsby, North East Lincolnshire, DN32 8AB",£25000-£35000,N/A - workshop,Not on Serco list,,still-available,postcode only,355241,Please refer to auctioneer for more information,"355241 | Rear of 292 Weelsby Street, Grimsby, North East Lincolnshire, DN32 8AB | Please refer to auctioneer for more information"
73,"106 High Street, Redcar, Cleveland, TS10 3DL",£50000-£80000,£82000,Outside region,,october-catalogue,postcode + number,367101,"£50,000-£70,000","367101 | 106 High Street, Redcar, Cleveland, TS10 3DL | £50,000-£70,000"
75A,"Unit 1 Masonic Hall, 64 Briggate, Brighouse, Calderdale, HD6 1EF",£9000+,N/A - commercial,Outside region,,NOT LISTED,postcode absent from dumps,,,
76,"108 High Street, Redcar, Cleveland, TS10 3DL",£25000-£50000,£82000,Outside region,£50000,NOT LISTED,different unit at TS103DL (108 not offered),,,
79,"Sandly Court, 39 Queens Road, Southport, Merseyside, PR9 9EX",£320000+,N/A,CLOSED + NW paused,,october-catalogue,postcode + number,365585,"£320,000+","365585 | Sandly Court, 39 Queens Road, Southport, Merseyside, PR9 9EX | £320,000+"
80,"Unit 3, 6A Alma Street, Taunton, Somerset, TA1 3AH",£5000+,N/A - commercial,Outside region,,still-available,postcode + number,361603,Please refer to auctioneer for more information,"361603 | Unit 3, 6A Alma Street, Taunton, Somerset, TA1 3AH | Please refer to auctioneer for more information"
81,"1 Hunter House, Hunter Road, Guildford, Surrey, GU1 3LQ",£140000+,£337000,Outside region,£160000,NOT LISTED,postcode absent from dumps,,,
82,"Apartment 43, 18 Church Street, Manchester, Lancashire, M4 1PN",£90000+,£193000,CLOSED + NW paused,£120000,NOT LISTED,postcode absent from dumps,,,
83,"Flat 17 Forest Croft, Taymount Rise, Forest Hill, London, SE23 3UN",£200000+,£256000,Outside region,,still-available,postcode + number,360076,Please refer to auctioneer for more information,"360076 | Flat 17 Forest Croft, Taymount Rise, Forest Hill, London, SE23 3UN | Please refer to auctioneer for more information"
84,"52 Bushey Grove Road, Bushey, Hertfordshire, WD23 2JJ",£875000+,£875000,Not on Serco list,,still-available,postcode + number,357630,Please refer to auctioneer for more information,"357630 | 52 Bushey Grove Road, Bushey, Hertfordshire, WD23 2JJ | Please refer to auctioneer for more information"
85,"Flat 4 Maple Court, 1 Lower Coombe Street, Croydon, Surrey, CR0 1AA",£150000+,£248000,Outside region,,NOT LISTED,postcode absent from dumps,,,
86,"65 Reeves Road, Derby, Derbyshire, DE23 8JF",£45000+,£87500,Serco region - VERIFY,£85000,NOT LISTED,postcode absent from dumps,,,
87,"325A London Road, Westcliff-on-Sea, Essex, SS0 7BX",£160000+,£161000,Serco region - VERIFY,,NOT LISTED,postcode absent from dumps,,,
87 (2),"Flat 91 Celeste House, 1 Caversham Road, Colindale, London, NW4 4DT",£500000+,£693000,Outside region,,NOT LISTED,postcode absent from dumps,,,
90,"The Vaults, Manor Road, Chatham, Kent, ME4 6HW",£50000-£110000,£379000,Outside region,£175000,NOT LISTED,postcode absent from dumps,,,
92,"10 Eider Close, Hayes, Middlesex, UB4 9TD",£415000+,£458000,Outside region,,october-catalogue,postcode + number,365497,"£395,000+","365497 | 10 Eider Close, Hayes, Middlesex, UB4 9TD | £395,000+"
94,"Flat 11 Regatta Point, 1 Manilla Street, Canary Wharf, London, E14 8JZ",£225000+,£303000,Outside region,,october-catalogue,postcode + number,366068,"£180,000+","366068 | Flat 11 Regatta Point, 1 Manilla Street, Canary Wharf, London, E14 8JZ | £180,000+"
95,"Flat 3 Regatta Point, 1 Manilla Street, Canary Wharf, London, E14 8JZ",£275000+,£370000,Outside region,,october-catalogue,postcode + number,366070,"£225,000+","366070 | Flat 3 Regatta Point, 1 Manilla Street, Canary Wharf, London, E14 8JZ | £225,000+"
97,"104 Graveney Road, Tooting, London, SW17 0EH",£775000+,£900000,Outside region,,still-available,postcode + number,355067,Please refer to auctioneer for more information,"355067 | 104 Graveney Road, Tooting, London, SW17 0EH | Please refer to auctioneer for more information"
98,"196A St. Ann's Hill, Wandsworth, London, SW18 2RT",£600000+,£815000,Outside region,,still-available,postcode + number,355063,Please refer to auctioneer for more information,"355063 | 196A St. Ann's Hill, Wandsworth, London, SW18 2RT | Please refer to auctioneer for more information"
99,"23 Selkirk Road, Tooting, London, SW17 0ER",£775000+,£965000,Outside region,,still-available,postcode + number,355068,Please refer to auctioneer for more information,"355068 | 23 Selkirk Road, Tooting, London, SW17 0ER | Please refer to auctioneer for more information"
100,"36 Hobart Road, Weston-super-Mare, Avon, BS23 4QN",£70000-£115000,£129000,Outside region,£115000,NOT LISTED,postcode absent from dumps,,,
101,"49 Exmouth Road, Great Yarmouth, Norfolk, NR30 3DP",£30000-£55000,£81000,OPEN,£55000,still-available,postcode + number,361410,Please refer to auctioneer for more information,"361410 | 49 Exmouth Road, Great Yarmouth, Norfolk, NR30 3DP | Please refer to auctioneer for more information"
102,"3 Dane Court, College House, St Albans, Hertfordshire, AL1 5NX",£110000+,£174000,Not on Serco list - VERIFY,,NOT LISTED,postcode absent from dumps,,,
103,"71 Fakes Road, Hemsby, Great Yarmouth, Norfolk, NR29 4JL",£160000+,£241000,OPEN,,still-available,postcode + number,359976,Please refer to auctioneer for more information,"359976 | 71 Fakes Road, Hemsby, Great Yarmouth, Norfolk, NR29 4JL | Please refer to auctioneer for more information"
104,"Flat 41 Latchingdon Court, 26 Forest Road, Walthamstow, London, E17 6JT",£180000+,£333000,Outside region,£200000,NOT LISTED,postcode absent from dumps,,,
105,"2 Garfield Street, Northampton, Northamptonshire, NN2 6NW",£95000-£145000,£250000,Serco region - VERIFY,£145000,NOT LISTED,postcode absent from dumps,,,
105A,"The Bungalow, 1 Chapel Lane, Maidford, Towcester, Northamptonshire, NN12 8HU",£100000+,£302000,Serco region - VERIFY,£110000,NOT LISTED,postcode absent from dumps,,,
106,"29 The Crescent, Eastbourne, East Sussex, BN20 8PX",£200000+,£203000,Outside region,,NOT LISTED,postcode absent from dumps,,,
108,"21 Greenfield Road, Pulloxhill, Bedford, Bedfordshire, MK45 5EZ",£200000+,£366000,Not on Serco list,£250000,still-available,postcode + number,358122,Please refer to auctioneer for more information,"358122 | 21 Greenfield Road, Pulloxhill, Bedford, Bedfordshire, MK45 5EZ | Please refer to auctioneer for more information"
109,"Land to the rear of 21 Greenfield Road, Pulloxhill, Bedford, Bedfordshire, MK45 5EZ",£50000+,N/A - land,Not on Serco list,,still-available,AMBIGUOUS - 2 lots share MK455EZ,358122,Please refer to auctioneer for more information,"358122 | 21 Greenfield Road, Pulloxhill, Bedford, Bedfordshire, MK45 5EZ | Please refer to auctioneer for more information"
111,"29A High Street, March, Cambridgeshire, PE15 0XA",£95000+,£178000,OPEN,NO OFFERS,still-available,postcode + number,358027,Please refer to auctioneer for more information,"358027 | 29A High Street, March, Cambridgeshire, PE15 0XA | Please refer to auctioneer for more information"
112,"Flat 105, 2 Moorfields, Liverpool, Merseyside, L2 2BS",£20000-£40000,£90000,CLOSED + NW paused,£40000,october-catalogue,postcode + number,365482,"£20,000-£40,000","365482 | Flat 105, 2 Moorfields, Liverpool, Merseyside, L2 2BS | £20,000-£40,000"
113,"Flat 110, 2 Moorfields, Liverpool, Merseyside, L2 2BS",£20000-£40000,£90000,CLOSED + NW paused,£40000,NOT LISTED,different unit at L22BS (110 not offered),,,
114,"Residential Flat, 9A Battle Hill, Hexham, Northumberland, NE46 1BA",£20000-£40000,£64500,Outside region,NO OFFERS,NOT LISTED,postcode absent from dumps,,,
115A,"27 West Road, Shoeburyness, Southend-on-Sea, Essex, SS3 9DR",£100000+,£218000,Serco region - VERIFY,£110000,NOT LISTED,postcode absent from dumps,,,
117,"Flat 3, 9 Queensland Road, Highbury, London, N7 7FH",£145000+,£297000,Outside region,NO OFFERS,still-available,postcode + number,359566,Please refer to auctioneer for more information,"359566 | Flat 3, 9 Queensland Road, Highbury, London, N7 7FH | Please refer to auctioneer for more information"
119,"Flat 29 The Old School Rooms, Great Moor Street, Bolton, Lancashire, BL1 1NR",£20000-£30000,£112000,CLOSED + NW paused,£30000,still-available,postcode + number,350867,Please refer to auctioneer for more information,"350867 | Flat 29 The Old School Rooms, Great Moor Street, Bolton, Lancashire, BL1 1NR | Please refer to auctioneer for more information"
120,"Flat 23, 2 Manilla Street, Canary Wharf, London, E14 8GB",£350000+,£534000,Outside region,,still-available,postcode + number,357096,Please refer to auctioneer for more information,"357096 | Flat 23, 2 Manilla Street, Canary Wharf, London, E14 8GB | Please refer to auctioneer for more information"
120A,"21 Preston Lane, Lyneham, Chippenham, Wiltshire, SN15 4AR",£200000+,£252000,Outside region,,still-available,postcode + number,362210,Please refer to auctioneer for more information,"362210 | 21 Preston Lane, Lyneham, Chippenham, Wiltshire, SN15 4AR | Please refer to auctioneer for more information"
121,"103 Buckingham Road, Edgware, Middlesex, HA8 6NN",£185000+,£190000,Outside region,,NOT LISTED,postcode absent from dumps,,,
122,"73 Hampton Road, Teddington, Middlesex, TW11 0LA",£300000+,£533000,Outside region,NO OFFERS,NOT LISTED,postcode absent from dumps,,,
122A,"First & Second Floor, 5 Cornmarket, Penrith, Cumbria, CA11 7DA",£20000-£45000,£136000,CLOSED + NW paused,£45000,NOT LISTED,postcode absent from dumps,,,
123,"98 Victoria Road North, Southsea, Hampshire, PO5 1QE",£220000+,£269000,Outside region,,still-available,postcode + number,359971,Please refer to auctioneer for more information,"359971 | 98 Victoria Road North, Southsea, Hampshire, PO5 1QE | Please refer to auctioneer for more information"
125A,"34 Murton Lane, Easington Lane, Houghton Le Spring, Tyne and Wear, DH5 0NB",£30000-£40000,£40000,Outside region,,still-available,postcode + number,362209,Please refer to auctioneer for more information,"362209 | 34 Murton Lane, Easington Lane, Houghton Le Spring, Tyne And Wear, DH5 0NB | Please refer to auctioneer for more information"
127,"Garage at 1 The Chestnuts, Gwydor Road, Beckenham, Kent, BR3 4DU",£10000+,N/A - garage,Outside region,,SOLD PRIOR,AMBIGUOUS - 2 lots share BR34DU,365419,"Sold prior for £8,000","365419 | Garage at 1 The Chestnuts, Gwydor Road, Beckenham, Kent, BR3 4DU | Sold prior for £8,000"
152,"Flat 2, 201 Waldegrave Road, Teddington, Richmond upon Thames, TW11 8LX",£95000+,£362000,Outside region,NO OFFERS,still-available,postcode + number,360855,Please refer to auctioneer for more information,"360855 | Flat 2, 201 Waldegrave Road, Teddington, Richmond upon Thames, TW11 8LX | Please refer to auctioneer for more information"
152A,"Flat 201 Lemare Lodge, Fair Acres, Bromley, Kent, BR2 9BS",UNKNOWN,£226000,Outside region,,NOT LISTED,postcode absent from dumps,,,
153,"2102 Kew Eye Apartments, Ealing Road, Brentford, Middlesex, TW8 0GA",£410000+,£499000,Outside region,,october-catalogue,postcode + number,365556,"£410,000+","365556 | 2102 Kew Eye Apartments, Ealing Road, Brentford, Middlesex, TW8 0GA | £410,000+"
158,"Flat 43 Ferrydale Lodge, 48 Church Road, Hendon, London, NW4 4EW",£170000+,£224000,Outside region,,still-available,postcode + number,361152,Please refer to auctioneer for more information,"361152 | Flat 43 Ferrydale Lodge, 48 Church Road, Hendon, London, NW4 4EW | Please refer to auctioneer for more information"
160,"Parking Space 31 Lollard Street, Lambeth, London, SE11 6PX",£10000+,N/A - parking,Outside region,,october-catalogue,postcode + number,366470,"£5,000-£10,000","366470 | Parking Space 31 Lollard Street, Lambeth, London, SE11 6PX | £5,000-£10,000"
160A,"18 Farringford Court, 1 Avenue Road, Lymington, Hampshire, SO41 9PA",£5000-£10000,£150000,Outside region,£5000,NOT LISTED,postcode absent from dumps,,,
163,"Flat 3, 55 West Avenue, Filey, North Yorkshire, YO14 9AX",£50000+,£130000,Outside region,£55000,NOT LISTED,postcode absent from dumps,,,
164,"2 Broad Street, St. Columb, Cornwall, TR9 6AS",£15000+,£20500,Outside region,,NOT LISTED,postcode absent from dumps,,,
165A,"Land to the rear of 141 Parsonage Road, Rainham, Essex, RM13 9LB",£35000+,N/A - land,Outside region,,NOT LISTED,postcode absent from dumps,,,
166,"Apartment 006 New Bank House, 100 Queen Street, Sheffield, South Yorkshire, S1 2FA",£15000-£35000,£58000,Outside region,£35000,october-catalogue,postcode + number,365395,"£5,000-£15,000","365395 | Apartment 006 New Bank House, 100 Queen Street, Sheffield, South Yorkshire, S1 2FA | £5,000-£15,000"
166A,"4 Milburn Street, Crook, County Durham, DL15 9DY",£40000-£60000,£92500,Outside region,£60000,still-available,postcode + number,362208,Please refer to auctioneer for more information,"362208 | 4 Milburn Street, Crook, County Durham, DL15 9DY | Please refer to auctioneer for more information"
168,"Flat A9-D Leighton Street, Leighton Street, Preston, Lancashire, PR1 8RH",£5000-£10000,N/A,CLOSED + NW paused,,still-available,postcode only,361422,Please refer to auctioneer for more information,"361422 | Flat A9-D Leighton Hall, Leighton Street, Preston, Lancashire, PR1 8RH | Please refer to auctioneer for more information"
169,"4 Highfield Road, Newbold, Derbyshire, S41 7EY",£25000+,£310000,Serco region - VERIFY,£25000,still-available,postcode + number,361373,Please refer to auctioneer for more information,"361373 | 4 Highfield Road, Newbold, Derbyshire, S41 7EY | Please refer to auctioneer for more information"
170,"Plot 2 Abbey Street, Ickleton, Saffron Walden, Essex, CB10 1SS",£3000+,N/A - plot,Serco region - VERIFY,,still-available,postcode + number,361592,Please refer to auctioneer for more information,"361592 | Plot 2 Abbey Street, Ickleton, Saffron Walden, Essex, CB10 1SS | Please refer to auctioneer for more information"
171,"Plot 8 Boreham Place, New England, Halstead, Essex, CO9 4BD",£5000+,N/A - plot,Serco region - VERIFY,,still-available,postcode + number,361590,Please refer to auctioneer for more information,"361590 | Plot 8 Boreham Place, New England, Halstead, Essex, CO9 4BD | Please refer to auctioneer for more information"
172,"Plot 4 Station Road, Shirehampton, Bristol, Avon, BS11 9XA",£5000+,N/A - plot,Outside region,,still-available,postcode + number,361591,Please refer to auctioneer for more information,"361591 | Plot 4 Station Road, Shirehampton, Bristol, Avon, BS11 9XA | Please refer to auctioneer for more information"
173,"Compound 1, Par Moor Road, Par, Cornwall, PL24 2SQ",£3000+,N/A - compound,Outside region,,NOT LISTED,postcode absent from dumps,,,
174,"Garage and Land to the Rear of 16 Stanley Park Drive, Wembley, Middlesex, HA0 1SG",£5000+,N/A - garage,Outside region,,NOT LISTED,postcode absent from dumps,,,
175,"Parking Space at 99 Mile End Road, Tower Hamlets, London, E1 4UH",£5000-£15000,N/A - parking,Outside region,,october-catalogue,postcode only,364481,"£5,000-£15,000","364481 | Parking Space at 99 Mile End Road, Tower Hamlets, London, E1 4UH | £5,000-£15,000"
178,"Garage at Seddon Court, Hepplewhite Close, Crawley, West Sussex, RH11 9LF",£5000-£10000,N/A - garage,Outside region,,still-available,postcode only,360373,Please refer to auctioneer for more information,"360373 | Garage at Seddon Court, Hepplewhite Close, Crawley, West Sussex, RH11 9LF | Please refer to auctioneer for more information"
179,"Land at Green Lane, Warlingham, Surrey, CR6 9EE",£15000-£30000,N/A - land,Outside region,,still-available,postcode only,357848,Please refer to auctioneer for more information,"357848 | Land at Green Lane, Warlingham, Surrey, CR6 9EE | Please refer to auctioneer for more information"
182,"Land to the Rear of 103 Church Street, Broadstairs, Kent, CT10 2TX",£10000+,N/A - land,Outside region,,SOLD PRIOR,AMBIGUOUS - 2 lots share CT102TX,365540,"Sold prior to auction, for an undisclosed amount","365540 | Land to the Rear of 103 Church Street, Broadstairs, Kent, CT10 2TX | Sold prior to auction, for an undisclosed amount"
