Address,Guide price,Hometrack valuation,Guide +20%,Status
"10 Eider Close, Hayes, Middlesex, UB4 9TD",395000,458000,474000,In October catalogue
"2102 Kew Eye Apartments, Ealing Road, Brentford, Middlesex, TW8 0GA",410000,499000,492000,In October catalogue
"Sandly Court, 39 Queens Road, Southport, Merseyside, PR9 9EX",320000,N/A,384000,In October catalogue
"Flat 3 Regatta Point, 1 Manilla Street, Canary Wharf, London, E14 8JZ",225000,370000,270000,In October catalogue
"Flat 11 Regatta Point, 1 Manilla Street, Canary Wharf, London, E14 8JZ",180000,303000,216000,In October catalogue
"9 Victoria Road, Margate, Kent, CT9 1LN",90000,238000,108000,In October catalogue
"Flat 4, 280 Wimborne Road, Bournemouth, Dorset, BH3 7AT",45000,N/A,54000,In October catalogue
"Flat 105, 2 Moorfields, Liverpool, Merseyside, L2 2BS",20000,90000,24000,In October catalogue
"Apartment 006 New Bank House, 100 Queen Street, Sheffield, South Yorkshire, S1 2FA",5000,58000,6000,In October catalogue
"Parking Space 31 Lollard Street, Lambeth, London, SE11 6PX",5000,N/A - parking,6000,In October catalogue
"Parking Space at 99 Mile End Road, Tower Hamlets, London, E1 4UH",5000,N/A - parking,6000,In October catalogue
"Garage at 1 The Chestnuts, Gwydor Road, Beckenham, Kent, BR3 4DU",8000,N/A - garage,9600,Sold prior to auction
"Land to the Rear of 103 Church Street, Broadstairs, Kent, CT10 2TX",10000,N/A - land,12000,Sold prior to auction
"Land Adjacent to The Gables, Banters Lane, Great Leighs, Chelmsford, Essex, CM3 1NT",1150000,N/A - land,1380000,Not in October catalogue
"52 Bushey Grove Road, Bushey, Hertfordshire, WD23 2JJ",875000,875000,1050000,Not in October catalogue
"104 Graveney Road, Tooting, London, SW17 0EH",775000,900000,930000,Not in October catalogue
"23 Selkirk Road, Tooting, London, SW17 0ER",775000,965000,930000,Not in October catalogue
"63 Warner Road, Camberwell, London, SE5 9NE",725000,521000,870000,Not in October catalogue
"9 Fallow Court Avenue, Finchley, London, N12 0EA",695000,731000,834000,Not in October catalogue
"196A St. Ann's Hill, Wandsworth, London, SW18 2RT",600000,815000,720000,Not in October catalogue
"68 St. Margarets Avenue, Whetstone, London, N20 9LJ",550000,775000,660000,Not in October catalogue
"Holmshill House, Summerswood Lane, Borehamwood, Hertfordshire, WD6 5PG",525000,1250000,630000,Not in October catalogue
"396 Forest Road, Walthamstow, London, E17 5JF",500000,468000,600000,Not in October catalogue
"Flat 91 Celeste House, 1 Caversham Road, Colindale, London, NW4 4DT",500000,693000,600000,Not in October catalogue
"78 Park Chase, Wembley, Middlesex, HA9 8EH",450000,463000,540000,Not in October catalogue
"Archie Court, 43 Marina, St Leonards-on-Sea, East Sussex, TN38 0BE",450000,N/A,540000,Not in October catalogue
"15 Palestine Grove, Colliers Wood, London, SW19 2QN",425000,581000,510000,Not in October catalogue
"Flat 23, 2 Manilla Street, Canary Wharf, London, E14 8GB",350000,534000,420000,Not in October catalogue
"2 Holliday Street, Berkhamsted, Hertfordshire, HP4 2EE",325000,491000,390000,Not in October catalogue
"19 Jarvis Road, South Croydon, Surrey, CR2 6HW",300000,313000,360000,Not in October catalogue
"73 Hampton Road, Teddington, Middlesex, TW11 0LA",300000,533000,360000,Not in October catalogue
"21 Wyncham Avenue, Sidcup, Kent, DA15 8EU",295000,585000,354000,Not in October catalogue
"174B Bravington Road, Maida Vale, London, W9 3AP",295000,572000,354000,Not in October catalogue
"17-19 Umberston Street, Tower Hamlets, London, E1 1PY",275000,N/A - commercial,330000,Not in October catalogue
"Land Adjacent to Esso, Hogg Lane, Grays, Essex, RM17 5JA",235000,N/A - land,282000,Not in October catalogue
"98 Victoria Road North, Southsea, Hampshire, PO5 1QE",220000,269000,264000,Not in October catalogue
"9 St Anns Court, 45 Sunningfields Road, Hendon, London, NW4 4QY",200000,250000,240000,Not in October catalogue
"Ground Floor and Basement Flat, 134 Gipsy Hill, Crystal Palace, London, SE19 1PW",200000,368000,240000,Not in October catalogue
"Foelas Residential Home, Station Road, Llanrug, Caernarfon, Gwynedd, LL55 4BE",200000,N/A,240000,Not in October catalogue
"Unit 6-6B South Middleton Base, Greenwell Road, Aberdeen, AB12 3AX",200000,N/A - commercial,240000,Not in October catalogue
"Flat 17 Forest Croft, Taymount Rise, Forest Hill, London, SE23 3UN",200000,256000,240000,Not in October catalogue
"29 The Crescent, Eastbourne, East Sussex, BN20 8PX",200000,203000,240000,Not in October catalogue
"21 Greenfield Road, Pulloxhill, Bedford, Bedfordshire, MK45 5EZ",200000,366000,240000,Not in October catalogue
"21 Preston Lane, Lyneham, Chippenham, Wiltshire, SN15 4AR",200000,252000,240000,Not in October catalogue
"103 Buckingham Road, Edgware, Middlesex, HA8 6NN",185000,190000,222000,Not in October catalogue
"Flat 41 Latchingdon Court, 26 Forest Road, Walthamstow, London, E17 6JT",180000,333000,216000,Not in October catalogue
"13 Hope Street, Crook, County Durham, DL15 9HS",175000,95000,210000,Not in October catalogue
"Flat 43 Ferrydale Lodge, 48 Church Road, Hendon, London, NW4 4EW",170000,224000,204000,Not in October catalogue
"325A London Road, Westcliff-on-Sea, Essex, SS0 7BX",160000,161000,192000,Not in October catalogue
"71 Fakes Road, Hemsby, Great Yarmouth, Norfolk, NR29 4JL",160000,241000,192000,Not in October catalogue
"Flat 4 Maple Court, 1 Lower Coombe Street, Croydon, Surrey, CR0 1AA",150000,248000,180000,Not in October catalogue
"Flat 3, 9 Queensland Road, Highbury, London, N7 7FH",145000,297000,174000,Not in October catalogue
"102-104 High Street, Redcar, Cleveland, TS10 3DL",140000,82000,168000,Not in October catalogue
"1 Hunter House, Hunter Road, Guildford, Surrey, GU1 3LQ",140000,337000,168000,Not in October catalogue
"Land on the North-East side of Looe Gardens, Ilford, Essex, IG6 2BJ",135000,N/A - land,162000,Not in October catalogue
"30 Ancton Way, Bognor Regis, West Sussex, PO22 6JW",130000,186000,156000,Not in October catalogue
"3 Dane Court, College House, St Albans, Hertfordshire, AL1 5NX",110000,174000,132000,Not in October catalogue
"37 and 37A Trevenson Street, Camborne, Cornwall, TR14 8JD",100000,122000,120000,Not in October catalogue
"The Bungalow, 1 Chapel Lane, Maidford, Towcester, Northamptonshire, NN12 8HU",100000,302000,120000,Not in October catalogue
"27 West Road, Shoeburyness, Southend-on-Sea, Essex, SS3 9DR",100000,218000,120000,Not in October catalogue
"Unit SU8, 5 Jubilee Way, Scunthorpe, North Lincolnshire, DN15 6RB",95000,N/A - retail,114000,Not in October catalogue
"9 College Walk, Rotherham, South Yorkshire, S60 1QB",95000,N/A - retail,114000,Not in October catalogue
"94A Middleton Grange Shopping Centre, Hartlepool, Cleveland, TS24 7RW",95000,N/A - retail,114000,Not in October catalogue
"2 Garfield Street, Northampton, Northamptonshire, NN2 6NW",95000,250000,114000,Not in October catalogue
"29A High Street, March, Cambridgeshire, PE15 0XA",95000,178000,114000,Not in October catalogue
"Flat 2, 201 Waldegrave Road, Teddington, Richmond upon Thames, TW11 8LX",95000,362000,114000,Not in October catalogue
"Apartment 43, 18 Church Street, Manchester, Lancashire, M4 1PN",90000,193000,108000,Not in October catalogue
"29 Hervey Street, Lowestoft, Suffolk, NR32 2JG",75000,153000,90000,Not in October catalogue
"36 Hobart Road, Weston-super-Mare, Avon, BS23 4QN",70000,129000,84000,Not in October catalogue
"4 Nairn Court, Dock Road, Tilbury, Essex, RM18 7BY",60000,149000,72000,Not in October catalogue
"9A Battle Hill, Hexham, Northumberland, NE46 1BA",50000,N/A,60000,Not in October catalogue
"106 High Street, Redcar, Cleveland, TS10 3DL",50000,82000,60000,Not in October catalogue
"The Vaults, Manor Road, Chatham, Kent, ME4 6HW",50000,379000,60000,Not in October catalogue
"Land to the rear of 21 Greenfield Road, Pulloxhill, Bedford, Bedfordshire, MK45 5EZ",50000,N/A - land,60000,Not in October catalogue
"Flat 3, 55 West Avenue, Filey, North Yorkshire, YO14 9AX",50000,130000,60000,Not in October catalogue
"65 Reeves Road, Derby, Derbyshire, DE23 8JF",45000,87500,54000,Not in October catalogue
"4 Milburn Street, Crook, County Durham, DL15 9DY",40000,92500,48000,Not in October catalogue
"Land to the rear of 141 Parsonage Road, Rainham, Essex, RM13 9LB",35000,N/A - land,42000,Not in October catalogue
"49 Exmouth Road, Great Yarmouth, Norfolk, NR30 3DP",30000,81000,36000,Not in October catalogue
"34 Murton Lane, Easington Lane, Houghton Le Spring, Tyne and Wear, DH5 0NB",30000,40000,36000,Not in October catalogue
"Rear of 292 Weelsby Street, Grimsby, North East Lincolnshire, DN32 8AB",25000,N/A - workshop,30000,Not in October catalogue
"108 High Street, Redcar, Cleveland, TS10 3DL",25000,82000,30000,Not in October catalogue
"4 Highfield Road, Newbold, Derbyshire, S41 7EY",25000,310000,30000,Not in October catalogue
"Flat 110, 2 Moorfields, Liverpool, Merseyside, L2 2BS",20000,90000,24000,Not in October catalogue
"Residential Flat, 9A Battle Hill, Hexham, Northumberland, NE46 1BA",20000,64500,24000,Not in October catalogue
"Flat 29 The Old School Rooms, Great Moor Street, Bolton, Lancashire, BL1 1NR",20000,112000,24000,Not in October catalogue
"First & Second Floor, 5 Cornmarket, Penrith, Cumbria, CA11 7DA",20000,136000,24000,Not in October catalogue
"2 Broad Street, St. Columb, Cornwall, TR9 6AS",15000,20500,18000,Not in October catalogue
"Land at Green Lane, Warlingham, Surrey, CR6 9EE",15000,N/A - land,18000,Not in October catalogue
"Unit 1 Masonic Hall, 64 Briggate, Brighouse, Calderdale, HD6 1EF",9000,N/A - commercial,10800,Not in October catalogue
"Unit 3, 6A Alma Street, Taunton, Somerset, TA1 3AH",5000,N/A - commercial,6000,Not in October catalogue
"18 Farringford Court, 1 Avenue Road, Lymington, Hampshire, SO41 9PA",5000,150000,6000,Not in October catalogue
"Flat A9-D Leighton Street, Leighton Street, Preston, Lancashire, PR1 8RH",5000,N/A,6000,Not in October catalogue
"Plot 8 Boreham Place, New England, Halstead, Essex, CO9 4BD",5000,N/A - plot,6000,Not in October catalogue
"Plot 4 Station Road, Shirehampton, Bristol, Avon, BS11 9XA",5000,N/A - plot,6000,Not in October catalogue
"Garage and Land to the Rear of 16 Stanley Park Drive, Wembley, Middlesex, HA0 1SG",5000,N/A - garage,6000,Not in October catalogue
"Garage at Seddon Court, Hepplewhite Close, Crawley, West Sussex, RH11 9LF",5000,N/A - garage,6000,Not in October catalogue
"Plot 2 Abbey Street, Ickleton, Saffron Walden, Essex, CB10 1SS",3000,N/A - plot,3600,Not in October catalogue
"Compound 1, Par Moor Road, Par, Cornwall, PL24 2SQ",3000,N/A - compound,3600,Not in October catalogue
"Flat 201 Lemare Lodge, Fair Acres, Bromley, Kent, BR2 9BS",,226000,,Not in October catalogue
